Workbook

Sheet 录入信息
A1: 归属部门 | B1: 应用系统名称 | C1: ERP系统名称 | D1: 项目简称 | E1: 虚拟机IPv4 | F1: 虚拟机EIP-IPv4 | G1: 虚拟机IPv6 | H1: 操作系统版本 | I1: 云平台版本 | J1: 所属网络区域 | K1: 所属中心 | L1: 环境 | M1: 业务环境 | N1: CPU类型 | O1: CPU核数 | P1: 内存（GB） | Q1: 系统盘（GB） | R1: 数据盘1（GB） | S1: 数据盘2（GB） | T1: 数据盘3（GB） | U1: 数据盘4（GB） | V1: 数据盘5（GB） | W1: ELB-IPv4 | X1: ELBEIP-IPv4 | Y1: ELB-IPv6 | Z1: ELB对应端口号 | AA1: 后端服务器对应端口 | AB1: 政务外网IP服务范围 | AD1: 普通用户 | AE1: 普通用户密码 | AF1: 超级管理员用户 | AG1: 超级管理员用户密码 | AH1: SSH端口 | AI1: 业务应用端口 | AJ1: 业务应用访问地址 | AK1: NAS名称 | AL1: 虚拟机NAS名称 | AM1: 虚拟机NAS路径 | AN1: NAS空间大小(GB) | AO1: VDC | AP1: VPC | AQ1: 子网 | AR1: 安全组 | AS1: 负载IP | AT1: 商密IP | AU1: 国密网关分配IP | AV1: 项目经理 | AW1: 开发人员 | AX1: 运维负责人 | AY1: 用途 | AZ1: 备注 | BA1: 子网2 | BB1: 子网3 | BC1: 子网4 | BD1: 子网5 | BE1: IPv4网段 | BF1: IPv4网段2 | BG1: IPv4网段3 | BH1: IPv4网段4 | BI1: IPv4网段5 | BJ1: IPv6网段 | BK1: IPv6网段2 | BL1: IPv6网段3 | BM1: IPv6网段4 | BN1: IPv6网段5
A2: =IF(资源下发信息!AL2="","",资源下发信息!AL2) | B2: =IF(资源下发信息!AM2="","",资源下发信息!AM2) | E2: =IF(资源下发信息!CQ2="","",资源下发信息!CQ2) | F2: =IF(资源下发信息!CR2="","",资源下发信息!CR2) -> - | G2: =IF(资源下发信息!CS2="","",资源下发信息!CS2) | H2: =IF(资源下发信息!BB2="","",资源下发信息!BB2) | I2: 651 | J2: =IF(资源下发信息!BC2="","",资源下发信息!BC2) | K2: 主中心 | L2: 开发环境 | M2: 前端nginx/后端php/后端java | N2: aarch64 | O2: =IF(资源下发信息!AU2="","",资源下发信息!AU2) | P2: =IF(资源下发信息!AV2="","",资源下发信息!AV2) | R2: =IF(资源下发信息!AW2="","",资源下发信息!AW2) | S2: =IF(资源下发信息!AX2="","",资源下发信息!AX2) | T2: =IF(资源下发信息!AY2="","",资源下发信息!AY2) | U2: =IF(资源下发信息!AZ2="","",资源下发信息!AZ2) | V2: =IF(资源下发信息!BA2="","",资源下发信息!BA2) | W2: =IF(资源下发信息!CV2="","",资源下发信息!CV2) | X2: =IF(资源下发信息!CW2="","",资源下发信息!CW2) | Y2: =IF(资源下发信息!CX2="","",资源下发信息!CX2) | Z2: =IF(资源下发信息!BL2="","",资源下发信息!BL2) | AA2: =IF(资源下发信息!BM2="","",资源下发信息!BM2) | AB2: =IF(资源下发信息!BU2="","",资源下发信息!BU2) | AD2: centos | AE2: 123456 | AF2: root | AG2: 123456 | AH2: 65181 | AI2: 8080 | AJ2: 127.0.0.1:8080 | AK2: =IF(资源下发信息!BE2="","",资源下发信息!BE2) | AL2: =IF(资源下发信息!CY2="","",资源下发信息!CY2) | AM2: =IF(资源下发信息!CZ2="","",资源下发信息!CZ2) | AN2: =IF(资源下发信息!BF2="","",资源下发信息!BF2) | AO2: =IF(资源下发信息!BY2="","",资源下发信息!BY2) | AP2: =IF(资源下发信息!BZ2="","",资源下发信息!BZ2) | AQ2: =IF(资源下发信息!CA2="","",资源下发信息!CA2) | AR2: =IF(资源下发信息!CB2="","",资源下发信息!CB2) | AS2: =IF(资源下发信息!DB2="","",资源下发信息!DB2) | AT2: =IF(资源下发信息!DC2="","",资源下发信息!DC2) | AU2: =IF(资源下发信息!DD2="","",资源下发信息!DD2) | AY2: =IF(资源下发信息!BV2="","",资源下发信息!BV2) | AZ2: =IF(资源下发信息!BW2="","",资源下发信息!BW2) | BA2: =IF(资源下发信息!CC2="","",资源下发信息!CC2) | BB2: =IF(资源下发信息!CD2="","",资源下发信息!CD2) | BC2: =IF(资源下发信息!CE2="","",资源下发信息!CE2) | BD2: =IF(资源下发信息!CF2="","",资源下发信息!CF2) | BE2: =IF(资源下发信息!CG2="","",资源下发信息!CG2) | BF2: =IF(资源下发信息!CH2="","",资源下发信息!CH2) | BG2: =IF(资源下发信息!CI2="","",资源下发信息!CI2) | BH2: =IF(资源下发信息!CJ2="","",资源下发信息!CJ2) | ... BN2: =IF(资源下发信息!CP2="","",资源下发信息!CP2)
A3: =IF(资源下发信息!AL3="","",资源下发信息!AL3) | B3: =IF(资源下发信息!AM3="","",资源下发信息!AM3) | E3: =IF(资源下发信息!CQ3="","",资源下发信息!CQ3) | F3: =IF(资源下发信息!CR3="","",资源下发信息!CR3) | G3: =IF(资源下发信息!CS3="","",资源下发信息!CS3) | H3: =IF(资源下发信息!BB3="","",资源下发信息!BB3) | I3: 2*8 | J3: =IF(资源下发信息!BC3="","",资源下发信息!BC3) | K3: 备中心 | L3: 测试环境 | M3: 后端php | N3: aarch64 | O3: =IF(资源下发信息!AU3="","",资源下发信息!AU3) | P3: =IF(资源下发信息!AV3="","",资源下发信息!AV3) | R3: =IF(资源下发信息!AW3="","",资源下发信息!AW3) | S3: =IF(资源下发信息!AX3="","",资源下发信息!AX3) | T3: =IF(资源下发信息!AY3="","",资源下发信息!AY3) | U3: =IF(资源下发信息!AZ3="","",资源下发信息!AZ3) | V3: =IF(资源下发信息!BA3="","",资源下发信息!BA3) | W3: =IF(资源下发信息!CV3="","",资源下发信息!CV3) | X3: =IF(资源下发信息!CW3="","",资源下发信息!CW3) | Y3: =IF(资源下发信息!CX3="","",资源下发信息!CX3) | Z3: =IF(资源下发信息!BL3="","",资源下发信息!BL3) | AA3: =IF(资源下发信息!BM3="","",资源下发信息!BM3) | AB3: =IF(资源下发信息!BU3="","",资源下发信息!BU3) | AD3: centos | AE3: 123456 | AF3: root | AG3: 123456 | AH3: 65181 | AK3: =IF(资源下发信息!BE3="","",资源下发信息!BE3) | AL3: =IF(资源下发信息!CY3="","",资源下发信息!CY3) | AM3: =IF(资源下发信息!CZ3="","",资源下发信息!CZ3) | AN3: =IF(资源下发信息!BF3="","",资源下发信息!BF3) | AO3: =IF(资源下发信息!BY3="","",资源下发信息!BY3) | AP3: =IF(资源下发信息!BZ3="","",资源下发信息!BZ3) | AQ3: =IF(资源下发信息!CA3="","",资源下发信息!CA3) | AR3: =IF(资源下发信息!CB3="","",资源下发信息!CB3) | AS3: =IF(资源下发信息!DB3="","",资源下发信息!DB3) | AT3: =IF(资源下发信息!DC3="","",资源下发信息!DC3) | AU3: =IF(资源下发信息!DD3="","",资源下发信息!DD3) | AY3: =IF(资源下发信息!BV3="","",资源下发信息!BV3) | AZ3: =IF(资源下发信息!BW3="","",资源下发信息!BW3) | BA3: =IF(资源下发信息!CC3="","",资源下发信息!CC3) | BB3: =IF(资源下发信息!CD3="","",资源下发信息!CD3) | BC3: =IF(资源下发信息!CE3="","",资源下发信息!CE3) | BD3: =IF(资源下发信息!CF3="","",资源下发信息!CF3) | BE3: =IF(资源下发信息!CG3="","",资源下发信息!CG3) | BF3: =IF(资源下发信息!CH3="","",资源下发信息!CH3) | BG3: =IF(资源下发信息!CI3="","",资源下发信息!CI3) | BH3: =IF(资源下发信息!CJ3="","",资源下发信息!CJ3) | ... BN3: =IF(资源下发信息!CP3="","",资源下发信息!CP3)
A4: =IF(资源下发信息!AL4="","",资源下发信息!AL4) | B4: =IF(资源下发信息!AM4="","",资源下发信息!AM4) | E4: =IF(资源下发信息!CQ4="","",资源下发信息!CQ4) | F4: =IF(资源下发信息!CR4="","",资源下发信息!CR4) | G4: =IF(资源下发信息!CS4="","",资源下发信息!CS4) | H4: =IF(资源下发信息!BB4="","",资源下发信息!BB4) | I4: 830 | J4: =IF(资源下发信息!BC4="","",资源下发信息!BC4) | L4: 生产环境 | M4: 后端java | N4: x86_64 | O4: =IF(资源下发信息!AU4="","",资源下发信息!AU4) | P4: =IF(资源下发信息!AV4="","",资源下发信息!AV4) | R4: =IF(资源下发信息!AW4="","",资源下发信息!AW4) | S4: =IF(资源下发信息!AX4="","",资源下发信息!AX4) | T4: =IF(资源下发信息!AY4="","",资源下发信息!AY4) | U4: =IF(资源下发信息!AZ4="","",资源下发信息!AZ4) | V4: =IF(资源下发信息!BA4="","",资源下发信息!BA4) | W4: =IF(资源下发信息!CV4="","",资源下发信息!CV4) | X4: =IF(资源下发信息!CW4="","",资源下发信息!CW4) | Y4: =IF(资源下发信息!CX4="","",资源下发信息!CX4) | Z4: =IF(资源下发信息!BL4="","",资源下发信息!BL4) | AA4: =IF(资源下发信息!BM4="","",资源下发信息!BM4) | AB4: =IF(资源下发信息!BU4="","",资源下发信息!BU4) | AD4: centos | AE4: 123456 | AF4: root | AG4: 123456 | AH4: 65181 | AK4: =IF(资源下发信息!BE4="","",资源下发信息!BE4) | AL4: =IF(资源下发信息!CY4="","",资源下发信息!CY4) | AM4: =IF(资源下发信息!CZ4="","",资源下发信息!CZ4) | AN4: =IF(资源下发信息!BF4="","",资源下发信息!BF4) | AO4: =IF(资源下发信息!BY4="","",资源下发信息!BY4) | AP4: =IF(资源下发信息!BZ4="","",资源下发信息!BZ4) | AQ4: =IF(资源下发信息!CA4="","",资源下发信息!CA4) | AR4: =IF(资源下发信息!CB4="","",资源下发信息!CB4) | AS4: =IF(资源下发信息!DB4="","",资源下发信息!DB4) | AT4: =IF(资源下发信息!DC4="","",资源下发信息!DC4) | AU4: =IF(资源下发信息!DD4="","",资源下发信息!DD4) | AY4: =IF(资源下发信息!BV4="","",资源下发信息!BV4) | AZ4: =IF(资源下发信息!BW4="","",资源下发信息!BW4) | BA4: =IF(资源下发信息!CC4="","",资源下发信息!CC4) | BB4: =IF(资源下发信息!CD4="","",资源下发信息!CD4) | BC4: =IF(资源下发信息!CE4="","",资源下发信息!CE4) | BD4: =IF(资源下发信息!CF4="","",资源下发信息!CF4) | BE4: =IF(资源下发信息!CG4="","",资源下发信息!CG4) | BF4: =IF(资源下发信息!CH4="","",资源下发信息!CH4) | BG4: =IF(资源下发信息!CI4="","",资源下发信息!CI4) | BH4: =IF(资源下发信息!CJ4="","",资源下发信息!CJ4) | ... BN4: =IF(资源下发信息!CP4="","",资源下发信息!CP4)
A5: =IF(资源下发信息!AL5="","",资源下发信息!AL5) | B5: =IF(资源下发信息!AM5="","",资源下发信息!AM5) | E5: =IF(资源下发信息!CQ5="","",资源下发信息!CQ5) | F5: =IF(资源下发信息!CR5="","",资源下发信息!CR5) | G5: =IF(资源下发信息!CS5="","",资源下发信息!CS5) | H5: =IF(资源下发信息!BB5="","",资源下发信息!BB5) | J5: =IF(资源下发信息!BC5="","",资源下发信息!BC5) | L5: 商密环境 | M5: 数据库mysql | N5: x86_64 | O5: =IF(资源下发信息!AU5="","",资源下发信息!AU5) | P5: =IF(资源下发信息!AV5="","",资源下发信息!AV5) | R5: =IF(资源下发信息!AW5="","",资源下发信息!AW5) | S5: =IF(资源下发信息!AX5="","",资源下发信息!AX5) | T5: =IF(资源下发信息!AY5="","",资源下发信息!AY5) | U5: =IF(资源下发信息!AZ5="","",资源下发信息!AZ5) | V5: =IF(资源下发信息!BA5="","",资源下发信息!BA5) | W5: =IF(资源下发信息!CV5="","",资源下发信息!CV5) | X5: =IF(资源下发信息!CW5="","",资源下发信息!CW5) | Y5: =IF(资源下发信息!CX5="","",资源下发信息!CX5) | Z5: =IF(资源下发信息!BL5="","",资源下发信息!BL5) | AA5: =IF(资源下发信息!BM5="","",资源下发信息!BM5) | AB5: =IF(资源下发信息!BU5="","",资源下发信息!BU5) | AD5: centos | AE5: 123456 | AF5: root | AG5: 123456 | AH5: 65181 | AK5: =IF(资源下发信息!BE5="","",资源下发信息!BE5) | AL5: =IF(资源下发信息!CY5="","",资源下发信息!CY5) | AM5: =IF(资源下发信息!CZ5="","",资源下发信息!CZ5) | AN5: =IF(资源下发信息!BF5="","",资源下发信息!BF5) | AO5: =IF(资源下发信息!BY5="","",资源下发信息!BY5) | AP5: =IF(资源下发信息!BZ5="","",资源下发信息!BZ5) | AQ5: =IF(资源下发信息!CA5="","",资源下发信息!CA5) | AR5: =IF(资源下发信息!CB5="","",资源下发信息!CB5) | AS5: =IF(资源下发信息!DB5="","",资源下发信息!DB5) | AT5: =IF(资源下发信息!DC5="","",资源下发信息!DC5) | AU5: =IF(资源下发信息!DD5="","",资源下发信息!DD5) | AY5: =IF(资源下发信息!BV5="","",资源下发信息!BV5) | AZ5: =IF(资源下发信息!BW5="","",资源下发信息!BW5) | BA5: =IF(资源下发信息!CC5="","",资源下发信息!CC5) | BB5: =IF(资源下发信息!CD5="","",资源下发信息!CD5) | BC5: =IF(资源下发信息!CE5="","",资源下发信息!CE5) | BD5: =IF(资源下发信息!CF5="","",资源下发信息!CF5) | BE5: =IF(资源下发信息!CG5="","",资源下发信息!CG5) | BF5: =IF(资源下发信息!CH5="","",资源下发信息!CH5) | BG5: =IF(资源下发信息!CI5="","",资源下发信息!CI5) | BH5: =IF(资源下发信息!CJ5="","",资源下发信息!CJ5) | ... BN5: =IF(资源下发信息!CP5="","",资源下发信息!CP5)
A27: =IF(资源下发信息!AL27="","",资源下发信息!AL27) | B27: =IF(资源下发信息!AM27="","",资源下发信息!AM27) | E27: =IF(资源下发信息!CQ27="","",资源下发信息!CQ27) | F27: =IF(资源下发信息!CR27="","",资源下发信息!CR27) | G27: =IF(资源下发信息!CS27="","",资源下发信息!CS27) | H27: =IF(资源下发信息!BB27="","",资源下发信息!BB27) | J27: =IF(资源下发信息!BC27="","",资源下发信息!BC27) | O27: =IF(资源下发信息!AU27="","",资源下发信息!AU27) | P27: =IF(资源下发信息!AV27="","",资源下发信息!AV27) | R27: =IF(资源下发信息!AW27="","",资源下发信息!AW27) | S27: =IF(资源下发信息!AX27="","",资源下发信息!AX27) | T27: =IF(资源下发信息!AY27="","",资源下发信息!AY27) | U27: =IF(资源下发信息!AZ27="","",资源下发信息!AZ27) | V27: =IF(资源下发信息!BA27="","",资源下发信息!BA27) | W27: =IF(资源下发信息!CV27="","",资源下发信息!CV27) | X27: =IF(资源下发信息!CW27="","",资源下发信息!CW27) | Y27: =IF(资源下发信息!CX27="","",资源下发信息!CX27) | Z27: =IF(资源下发信息!BL27="","",资源下发信息!BL27) | AA27: =IF(资源下发信息!BM27="","",资源下发信息!BM27) | AB27: =IF(资源下发信息!BU27="","",资源下发信息!BU27) | AK27: =IF(资源下发信息!BE27="","",资源下发信息!BE27) | AL27: =IF(资源下发信息!CY27="","",资源下发信息!CY27) | AM27: =IF(资源下发信息!CZ27="","",资源下发信息!CZ27) | AN27: =IF(资源下发信息!BF27="","",资源下发信息!BF27) | AO27: =IF(资源下发信息!BY27="","",资源下发信息!BY27) | AP27: =IF(资源下发信息!BZ27="","",资源下发信息!BZ27) | AQ27: =IF(资源下发信息!CA27="","",资源下发信息!CA27) | AR27: =IF(资源下发信息!CB27="","",资源下发信息!CB27) | AS27: =IF(资源下发信息!DB27="","",资源下发信息!DB27) | AT27: =IF(资源下发信息!DC27="","",资源下发信息!DC27) | AU27: =IF(资源下发信息!DD27="","",资源下发信息!DD27) | AY27: =IF(资源下发信息!BV27="","",资源下发信息!BV27) | AZ27: =IF(资源下发信息!BW27="","",资源下发信息!BW27) | BA27: =IF(资源下发信息!CC27="","",资源下发信息!CC27) | BB27: =IF(资源下发信息!CD27="","",资源下发信息!CD27) | BC27: =IF(资源下发信息!CE27="","",资源下发信息!CE27) | BD27: =IF(资源下发信息!CF27="","",资源下发信息!CF27) | BE27: =IF(资源下发信息!CG27="","",资源下发信息!CG27) | BF27: =IF(资源下发信息!CH27="","",资源下发信息!CH27) | BG27: =IF(资源下发信息!CI27="","",资源下发信息!CI27) | BH27: =IF(资源下发信息!CJ27="","",资源下发信息!CJ27) | ... BN27: =IF(资源下发信息!CP27="","",资源下发信息!CP27)
A28: =IF(资源下发信息!AL28="","",资源下发信息!AL28) | B28: =IF(资源下发信息!AM28="","",资源下发信息!AM28) | E28: =IF(资源下发信息!CQ28="","",资源下发信息!CQ28) | F28: =IF(资源下发信息!CR28="","",资源下发信息!CR28) | G28: =IF(资源下发信息!CS28="","",资源下发信息!CS28) | H28: =IF(资源下发信息!BB28="","",资源下发信息!BB28) | J28: =IF(资源下发信息!BC28="","",资源下发信息!BC28) | O28: =IF(资源下发信息!AU28="","",资源下发信息!AU28) | P28: =IF(资源下发信息!AV28="","",资源下发信息!AV28) | R28: =IF(资源下发信息!AW28="","",资源下发信息!AW28) | S28: =IF(资源下发信息!AX28="","",资源下发信息!AX28) | T28: =IF(资源下发信息!AY28="","",资源下发信息!AY28) | U28: =IF(资源下发信息!AZ28="","",资源下发信息!AZ28) | V28: =IF(资源下发信息!BA28="","",资源下发信息!BA28) | W28: =IF(资源下发信息!CV28="","",资源下发信息!CV28) | X28: =IF(资源下发信息!CW28="","",资源下发信息!CW28) | Y28: =IF(资源下发信息!CX28="","",资源下发信息!CX28) | Z28: =IF(资源下发信息!BL28="","",资源下发信息!BL28) | AA28: =IF(资源下发信息!BM28="","",资源下发信息!BM28) | AB28: =IF(资源下发信息!BU28="","",资源下发信息!BU28) | AK28: =IF(资源下发信息!BE28="","",资源下发信息!BE28) | AL28: =IF(资源下发信息!CY28="","",资源下发信息!CY28) | AM28: =IF(资源下发信息!CZ28="","",资源下发信息!CZ28) | AN28: =IF(资源下发信息!BF28="","",资源下发信息!BF28) | AO28: =IF(资源下发信息!BY28="","",资源下发信息!BY28) | AP28: =IF(资源下发信息!BZ28="","",资源下发信息!BZ28) | AQ28: =IF(资源下发信息!CA28="","",资源下发信息!CA28) | AR28: =IF(资源下发信息!CB28="","",资源下发信息!CB28) | AS28: =IF(资源下发信息!DB28="","",资源下发信息!DB28) | AT28: =IF(资源下发信息!DC28="","",资源下发信息!DC28) | AU28: =IF(资源下发信息!DD28="","",资源下发信息!DD28) | AY28: =IF(资源下发信息!BV28="","",资源下发信息!BV28) | AZ28: =IF(资源下发信息!BW28="","",资源下发信息!BW28) | BA28: =IF(资源下发信息!CC28="","",资源下发信息!CC28) | BB28: =IF(资源下发信息!CD28="","",资源下发信息!CD28) | BC28: =IF(资源下发信息!CE28="","",资源下发信息!CE28) | BD28: =IF(资源下发信息!CF28="","",资源下发信息!CF28) | BE28: =IF(资源下发信息!CG28="","",资源下发信息!CG28) | BF28: =IF(资源下发信息!CH28="","",资源下发信息!CH28) | BG28: =IF(资源下发信息!CI28="","",资源下发信息!CI28) | BH28: =IF(资源下发信息!CJ28="","",资源下发信息!CJ28) | ... BN28: =IF(资源下发信息!CP28="","",资源下发信息!CP28)
A29: =IF(资源下发信息!AL29="","",资源下发信息!AL29) | B29: =IF(资源下发信息!AM29="","",资源下发信息!AM29) | E29: =IF(资源下发信息!CQ29="","",资源下发信息!CQ29) | F29: =IF(资源下发信息!CR29="","",资源下发信息!CR29) | G29: =IF(资源下发信息!CS29="","",资源下发信息!CS29) | H29: =IF(资源下发信息!BB29="","",资源下发信息!BB29) | J29: =IF(资源下发信息!BC29="","",资源下发信息!BC29) | O29: =IF(资源下发信息!AU29="","",资源下发信息!AU29) | P29: =IF(资源下发信息!AV29="","",资源下发信息!AV29) | R29: =IF(资源下发信息!AW29="","",资源下发信息!AW29) | S29: =IF(资源下发信息!AX29="","",资源下发信息!AX29) | T29: =IF(资源下发信息!AY29="","",资源下发信息!AY29) | U29: =IF(资源下发信息!AZ29="","",资源下发信息!AZ29) | V29: =IF(资源下发信息!BA29="","",资源下发信息!BA29) | W29: =IF(资源下发信息!CV29="","",资源下发信息!CV29) | X29: =IF(资源下发信息!CW29="","",资源下发信息!CW29) | Y29: =IF(资源下发信息!CX29="","",资源下发信息!CX29) | Z29: =IF(资源下发信息!BL29="","",资源下发信息!BL29) | AA29: =IF(资源下发信息!BM29="","",资源下发信息!BM29) | AB29: =IF(资源下发信息!BU29="","",资源下发信息!BU29) | AK29: =IF(资源下发信息!BE29="","",资源下发信息!BE29) | AL29: =IF(资源下发信息!CY29="","",资源下发信息!CY29) | AM29: =IF(资源下发信息!CZ29="","",资源下发信息!CZ29) | AN29: =IF(资源下发信息!BF29="","",资源下发信息!BF29) | AO29: =IF(资源下发信息!BY29="","",资源下发信息!BY29) | AP29: =IF(资源下发信息!BZ29="","",资源下发信息!BZ29) | AQ29: =IF(资源下发信息!CA29="","",资源下发信息!CA29) | AR29: =IF(资源下发信息!CB29="","",资源下发信息!CB29) | AS29: =IF(资源下发信息!DB29="","",资源下发信息!DB29) | AT29: =IF(资源下发信息!DC29="","",资源下发信息!DC29) | AU29: =IF(资源下发信息!DD29="","",资源下发信息!DD29) | AY29: =IF(资源下发信息!BV29="","",资源下发信息!BV29) | AZ29: =IF(资源下发信息!BW29="","",资源下发信息!BW29) | BA29: =IF(资源下发信息!CC29="","",资源下发信息!CC29) | BB29: =IF(资源下发信息!CD29="","",资源下发信息!CD29) | BC29: =IF(资源下发信息!CE29="","",资源下发信息!CE29) | BD29: =IF(资源下发信息!CF29="","",资源下发信息!CF29) | BE29: =IF(资源下发信息!CG29="","",资源下发信息!CG29) | BF29: =IF(资源下发信息!CH29="","",资源下发信息!CH29) | BG29: =IF(资源下发信息!CI29="","",资源下发信息!CI29) | BH29: =IF(资源下发信息!CJ29="","",资源下发信息!CJ29) | ... BN29: =IF(资源下发信息!CP29="","",资源下发信息!CP29)
A30: =IF(资源下发信息!AL30="","",资源下发信息!AL30) | B30: =IF(资源下发信息!AM30="","",资源下发信息!AM30) | E30: =IF(资源下发信息!CQ30="","",资源下发信息!CQ30) | F30: =IF(资源下发信息!CR30="","",资源下发信息!CR30) | G30: =IF(资源下发信息!CS30="","",资源下发信息!CS30) | H30: =IF(资源下发信息!BB30="","",资源下发信息!BB30) | J30: =IF(资源下发信息!BC30="","",资源下发信息!BC30) | O30: =IF(资源下发信息!AU30="","",资源下发信息!AU30) | P30: =IF(资源下发信息!AV30="","",资源下发信息!AV30) | R30: =IF(资源下发信息!AW30="","",资源下发信息!AW30) | S30: =IF(资源下发信息!AX30="","",资源下发信息!AX30) | T30: =IF(资源下发信息!AY30="","",资源下发信息!AY30) | U30: =IF(资源下发信息!AZ30="","",资源下发信息!AZ30) | V30: =IF(资源下发信息!BA30="","",资源下发信息!BA30) | W30: =IF(资源下发信息!CV30="","",资源下发信息!CV30) | X30: =IF(资源下发信息!CW30="","",资源下发信息!CW30) | Y30: =IF(资源下发信息!CX30="","",资源下发信息!CX30) | Z30: =IF(资源下发信息!BL30="","",资源下发信息!BL30) | AA30: =IF(资源下发信息!BM30="","",资源下发信息!BM30) | AB30: =IF(资源下发信息!BU30="","",资源下发信息!BU30) | AK30: =IF(资源下发信息!BE30="","",资源下发信息!BE30) | AL30: =IF(资源下发信息!CY30="","",资源下发信息!CY30) | AM30: =IF(资源下发信息!CZ30="","",资源下发信息!CZ30) | AN30: =IF(资源下发信息!BF30="","",资源下发信息!BF30) | AO30: =IF(资源下发信息!BY30="","",资源下发信息!BY30) | AP30: =IF(资源下发信息!BZ30="","",资源下发信息!BZ30) | AQ30: =IF(资源下发信息!CA30="","",资源下发信息!CA30) | AR30: =IF(资源下发信息!CB30="","",资源下发信息!CB30) | AS30: =IF(资源下发信息!DB30="","",资源下发信息!DB30) | AT30: =IF(资源下发信息!DC30="","",资源下发信息!DC30) | AU30: =IF(资源下发信息!DD30="","",资源下发信息!DD30) | AY30: =IF(资源下发信息!BV30="","",资源下发信息!BV30) | AZ30: =IF(资源下发信息!BW30="","",资源下发信息!BW30) | BA30: =IF(资源下发信息!CC30="","",资源下发信息!CC30) | BB30: =IF(资源下发信息!CD30="","",资源下发信息!CD30) | BC30: =IF(资源下发信息!CE30="","",资源下发信息!CE30) | BD30: =IF(资源下发信息!CF30="","",资源下发信息!CF30) | BE30: =IF(资源下发信息!CG30="","",资源下发信息!CG30) | BF30: =IF(资源下发信息!CH30="","",资源下发信息!CH30) | BG30: =IF(资源下发信息!CI30="","",资源下发信息!CI30) | BH30: =IF(资源下发信息!CJ30="","",资源下发信息!CJ30) | ... BN30: =IF(资源下发信息!CP30="","",资源下发信息!CP30)
A31: =IF(资源下发信息!AL31="","",资源下发信息!AL31) | B31: =IF(资源下发信息!AM31="","",资源下发信息!AM31) | E31: =IF(资源下发信息!CQ31="","",资源下发信息!CQ31) | F31: =IF(资源下发信息!CR31="","",资源下发信息!CR31) | G31: =IF(资源下发信息!CS31="","",资源下发信息!CS31) | H31: =IF(资源下发信息!BB31="","",资源下发信息!BB31) | J31: =IF(资源下发信息!BC31="","",资源下发信息!BC31) | O31: =IF(资源下发信息!AU31="","",资源下发信息!AU31) | P31: =IF(资源下发信息!AV31="","",资源下发信息!AV31) | R31: =IF(资源下发信息!AW31="","",资源下发信息!AW31) | S31: =IF(资源下发信息!AX31="","",资源下发信息!AX31) | T31: =IF(资源下发信息!AY31="","",资源下发信息!AY31) | U31: =IF(资源下发信息!AZ31="","",资源下发信息!AZ31) | V31: =IF(资源下发信息!BA31="","",资源下发信息!BA31) | W31: =IF(资源下发信息!CV31="","",资源下发信息!CV31) | X31: =IF(资源下发信息!CW31="","",资源下发信息!CW31) | Y31: =IF(资源下发信息!CX31="","",资源下发信息!CX31) | Z31: =IF(资源下发信息!BL31="","",资源下发信息!BL31) | AA31: =IF(资源下发信息!BM31="","",资源下发信息!BM31) | AB31: =IF(资源下发信息!BU31="","",资源下发信息!BU31) | AK31: =IF(资源下发信息!BE31="","",资源下发信息!BE31) | AL31: =IF(资源下发信息!CY31="","",资源下发信息!CY31) | AM31: =IF(资源下发信息!CZ31="","",资源下发信息!CZ31) | AN31: =IF(资源下发信息!BF31="","",资源下发信息!BF31) | AO31: =IF(资源下发信息!BY31="","",资源下发信息!BY31) | AP31: =IF(资源下发信息!BZ31="","",资源下发信息!BZ31) | AQ31: =IF(资源下发信息!CA31="","",资源下发信息!CA31) | AR31: =IF(资源下发信息!CB31="","",资源下发信息!CB31) | AS31: =IF(资源下发信息!DB31="","",资源下发信息!DB31) | AT31: =IF(资源下发信息!DC31="","",资源下发信息!DC31) | AU31: =IF(资源下发信息!DD31="","",资源下发信息!DD31) | AY31: =IF(资源下发信息!BV31="","",资源下发信息!BV31) | AZ31: =IF(资源下发信息!BW31="","",资源下发信息!BW31) | BA31: =IF(资源下发信息!CC31="","",资源下发信息!CC31) | BB31: =IF(资源下发信息!CD31="","",资源下发信息!CD31) | BC31: =IF(资源下发信息!CE31="","",资源下发信息!CE31) | BD31: =IF(资源下发信息!CF31="","",资源下发信息!CF31) | BE31: =IF(资源下发信息!CG31="","",资源下发信息!CG31) | BF31: =IF(资源下发信息!CH31="","",资源下发信息!CH31) | BG31: =IF(资源下发信息!CI31="","",资源下发信息!CI31) | BH31: =IF(资源下发信息!CJ31="","",资源下发信息!CJ31) | ... BN31: =IF(资源下发信息!CP31="","",资源下发信息!CP31)
A32: =IF(资源下发信息!AL32="","",资源下发信息!AL32) | B32: =IF(资源下发信息!AM32="","",资源下发信息!AM32) | E32: =IF(资源下发信息!CQ32="","",资源下发信息!CQ32) | F32: =IF(资源下发信息!CR32="","",资源下发信息!CR32) | G32: =IF(资源下发信息!CS32="","",资源下发信息!CS32) | H32: =IF(资源下发信息!BB32="","",资源下发信息!BB32) | J32: =IF(资源下发信息!BC32="","",资源下发信息!BC32) | O32: =IF(资源下发信息!AU32="","",资源下发信息!AU32) | P32: =IF(资源下发信息!AV32="","",资源下发信息!AV32) | R32: =IF(资源下发信息!AW32="","",资源下发信息!AW32) | S32: =IF(资源下发信息!AX32="","",资源下发信息!AX32) | T32: =IF(资源下发信息!AY32="","",资源下发信息!AY32) | U32: =IF(资源下发信息!AZ32="","",资源下发信息!AZ32) | V32: =IF(资源下发信息!BA32="","",资源下发信息!BA32) | W32: =IF(资源下发信息!CV32="","",资源下发信息!CV32) | X32: =IF(资源下发信息!CW32="","",资源下发信息!CW32) | Y32: =IF(资源下发信息!CX32="","",资源下发信息!CX32) | Z32: =IF(资源下发信息!BL32="","",资源下发信息!BL32) | AA32: =IF(资源下发信息!BM32="","",资源下发信息!BM32) | AB32: =IF(资源下发信息!BU32="","",资源下发信息!BU32) | AK32: =IF(资源下发信息!BE32="","",资源下发信息!BE32) | AL32: =IF(资源下发信息!CY32="","",资源下发信息!CY32) | AM32: =IF(资源下发信息!CZ32="","",资源下发信息!CZ32) | AN32: =IF(资源下发信息!BF32="","",资源下发信息!BF32) | AO32: =IF(资源下发信息!BY32="","",资源下发信息!BY32) | AP32: =IF(资源下发信息!BZ32="","",资源下发信息!BZ32) | AQ32: =IF(资源下发信息!CA32="","",资源下发信息!CA32) | AR32: =IF(资源下发信息!CB32="","",资源下发信息!CB32) | AS32: =IF(资源下发信息!DB32="","",资源下发信息!DB32) | AT32: =IF(资源下发信息!DC32="","",资源下发信息!DC32) | AU32: =IF(资源下发信息!DD32="","",资源下发信息!DD32) | AY32: =IF(资源下发信息!BV32="","",资源下发信息!BV32) | AZ32: =IF(资源下发信息!BW32="","",资源下发信息!BW32) | BA32: =IF(资源下发信息!CC32="","",资源下发信息!CC32) | BB32: =IF(资源下发信息!CD32="","",资源下发信息!CD32) | BC32: =IF(资源下发信息!CE32="","",资源下发信息!CE32) | BD32: =IF(资源下发信息!CF32="","",资源下发信息!CF32) | BE32: =IF(资源下发信息!CG32="","",资源下发信息!CG32) | BF32: =IF(资源下发信息!CH32="","",资源下发信息!CH32) | BG32: =IF(资源下发信息!CI32="","",资源下发信息!CI32) | BH32: =IF(资源下发信息!CJ32="","",资源下发信息!CJ32) | ... BN32: =IF(资源下发信息!CP32="","",资源下发信息!CP32)
A33: =IF(资源下发信息!AL33="","",资源下发信息!AL33) | B33: =IF(资源下发信息!AM33="","",资源下发信息!AM33) | E33: =IF(资源下发信息!CQ33="","",资源下发信息!CQ33) | F33: =IF(资源下发信息!CR33="","",资源下发信息!CR33) | G33: =IF(资源下发信息!CS33="","",资源下发信息!CS33) | H33: =IF(资源下发信息!BB33="","",资源下发信息!BB33) | J33: =IF(资源下发信息!BC33="","",资源下发信息!BC33) | O33: =IF(资源下发信息!AU33="","",资源下发信息!AU33) | P33: =IF(资源下发信息!AV33="","",资源下发信息!AV33) | R33: =IF(资源下发信息!AW33="","",资源下发信息!AW33) | S33: =IF(资源下发信息!AX33="","",资源下发信息!AX33) | T33: =IF(资源下发信息!AY33="","",资源下发信息!AY33) | U33: =IF(资源下发信息!AZ33="","",资源下发信息!AZ33) | V33: =IF(资源下发信息!BA33="","",资源下发信息!BA33) | W33: =IF(资源下发信息!CV33="","",资源下发信息!CV33) | X33: =IF(资源下发信息!CW33="","",资源下发信息!CW33) | Y33: =IF(资源下发信息!CX33="","",资源下发信息!CX33) | Z33: =IF(资源下发信息!BL33="","",资源下发信息!BL33) | AA33: =IF(资源下发信息!BM33="","",资源下发信息!BM33) | AB33: =IF(资源下发信息!BU33="","",资源下发信息!BU33) | AK33: =IF(资源下发信息!BE33="","",资源下发信息!BE33) | AL33: =IF(资源下发信息!CY33="","",资源下发信息!CY33) | AM33: =IF(资源下发信息!CZ33="","",资源下发信息!CZ33) | AN33: =IF(资源下发信息!BF33="","",资源下发信息!BF33) | AO33: =IF(资源下发信息!BY33="","",资源下发信息!BY33) | AP33: =IF(资源下发信息!BZ33="","",资源下发信息!BZ33) | AQ33: =IF(资源下发信息!CA33="","",资源下发信息!CA33) | AR33: =IF(资源下发信息!CB33="","",资源下发信息!CB33) | AS33: =IF(资源下发信息!DB33="","",资源下发信息!DB33) | AT33: =IF(资源下发信息!DC33="","",资源下发信息!DC33) | AU33: =IF(资源下发信息!DD33="","",资源下发信息!DD33) | AY33: =IF(资源下发信息!BV33="","",资源下发信息!BV33) | AZ33: =IF(资源下发信息!BW33="","",资源下发信息!BW33) | BA33: =IF(资源下发信息!CC33="","",资源下发信息!CC33) | BB33: =IF(资源下发信息!CD33="","",资源下发信息!CD33) | BC33: =IF(资源下发信息!CE33="","",资源下发信息!CE33) | BD33: =IF(资源下发信息!CF33="","",资源下发信息!CF33) | BE33: =IF(资源下发信息!CG33="","",资源下发信息!CG33) | BF33: =IF(资源下发信息!CH33="","",资源下发信息!CH33) | BG33: =IF(资源下发信息!CI33="","",资源下发信息!CI33) | BH33: =IF(资源下发信息!CJ33="","",资源下发信息!CJ33) | ... BN33: =IF(资源下发信息!CP33="","",资源下发信息!CP33)
A34: =IF(资源下发信息!AL34="","",资源下发信息!AL34) | B34: =IF(资源下发信息!AM34="","",资源下发信息!AM34) | E34: =IF(资源下发信息!CQ34="","",资源下发信息!CQ34) | F34: =IF(资源下发信息!CR34="","",资源下发信息!CR34) | G34: =IF(资源下发信息!CS34="","",资源下发信息!CS34) | H34: =IF(资源下发信息!BB34="","",资源下发信息!BB34) | J34: =IF(资源下发信息!BC34="","",资源下发信息!BC34) | O34: =IF(资源下发信息!AU34="","",资源下发信息!AU34) | P34: =IF(资源下发信息!AV34="","",资源下发信息!AV34) | R34: =IF(资源下发信息!AW34="","",资源下发信息!AW34) | S34: =IF(资源下发信息!AX34="","",资源下发信息!AX34) | T34: =IF(资源下发信息!AY34="","",资源下发信息!AY34) | U34: =IF(资源下发信息!AZ34="","",资源下发信息!AZ34) | V34: =IF(资源下发信息!BA34="","",资源下发信息!BA34) | W34: =IF(资源下发信息!CV34="","",资源下发信息!CV34) | X34: =IF(资源下发信息!CW34="","",资源下发信息!CW34) | Y34: =IF(资源下发信息!CX34="","",资源下发信息!CX34) | Z34: =IF(资源下发信息!BL34="","",资源下发信息!BL34) | AA34: =IF(资源下发信息!BM34="","",资源下发信息!BM34) | AB34: =IF(资源下发信息!BU34="","",资源下发信息!BU34) | AK34: =IF(资源下发信息!BE34="","",资源下发信息!BE34) | AL34: =IF(资源下发信息!CY34="","",资源下发信息!CY34) | AM34: =IF(资源下发信息!CZ34="","",资源下发信息!CZ34) | AN34: =IF(资源下发信息!BF34="","",资源下发信息!BF34) | AO34: =IF(资源下发信息!BY34="","",资源下发信息!BY34) | AP34: =IF(资源下发信息!BZ34="","",资源下发信息!BZ34) | AQ34: =IF(资源下发信息!CA34="","",资源下发信息!CA34) | AR34: =IF(资源下发信息!CB34="","",资源下发信息!CB34) | AS34: =IF(资源下发信息!DB34="","",资源下发信息!DB34) | AT34: =IF(资源下发信息!DC34="","",资源下发信息!DC34) | AU34: =IF(资源下发信息!DD34="","",资源下发信息!DD34) | AY34: =IF(资源下发信息!BV34="","",资源下发信息!BV34) | AZ34: =IF(资源下发信息!BW34="","",资源下发信息!BW34) | BA34: =IF(资源下发信息!CC34="","",资源下发信息!CC34) | BB34: =IF(资源下发信息!CD34="","",资源下发信息!CD34) | BC34: =IF(资源下发信息!CE34="","",资源下发信息!CE34) | BD34: =IF(资源下发信息!CF34="","",资源下发信息!CF34) | BE34: =IF(资源下发信息!CG34="","",资源下发信息!CG34) | BF34: =IF(资源下发信息!CH34="","",资源下发信息!CH34) | BG34: =IF(资源下发信息!CI34="","",资源下发信息!CI34) | BH34: =IF(资源下发信息!CJ34="","",资源下发信息!CJ34) | ... BN34: =IF(资源下发信息!CP34="","",资源下发信息!CP34)
A35: =IF(资源下发信息!AL35="","",资源下发信息!AL35) | B35: =IF(资源下发信息!AM35="","",资源下发信息!AM35) | E35: =IF(资源下发信息!CQ35="","",资源下发信息!CQ35) | F35: =IF(资源下发信息!CR35="","",资源下发信息!CR35) | G35: =IF(资源下发信息!CS35="","",资源下发信息!CS35) | H35: =IF(资源下发信息!BB35="","",资源下发信息!BB35) | J35: =IF(资源下发信息!BC35="","",资源下发信息!BC35) | O35: =IF(资源下发信息!AU35="","",资源下发信息!AU35) | P35: =IF(资源下发信息!AV35="","",资源下发信息!AV35) | R35: =IF(资源下发信息!AW35="","",资源下发信息!AW35) | S35: =IF(资源下发信息!AX35="","",资源下发信息!AX35) | T35: =IF(资源下发信息!AY35="","",资源下发信息!AY35) | U35: =IF(资源下发信息!AZ35="","",资源下发信息!AZ35) | V35: =IF(资源下发信息!BA35="","",资源下发信息!BA35) | W35: =IF(资源下发信息!CV35="","",资源下发信息!CV35) | X35: =IF(资源下发信息!CW35="","",资源下发信息!CW35) | Y35: =IF(资源下发信息!CX35="","",资源下发信息!CX35) | Z35: =IF(资源下发信息!BL35="","",资源下发信息!BL35) | AA35: =IF(资源下发信息!BM35="","",资源下发信息!BM35) | AB35: =IF(资源下发信息!BU35="","",资源下发信息!BU35) | AK35: =IF(资源下发信息!BE35="","",资源下发信息!BE35) | AL35: =IF(资源下发信息!CY35="","",资源下发信息!CY35) | AM35: =IF(资源下发信息!CZ35="","",资源下发信息!CZ35) | AN35: =IF(资源下发信息!BF35="","",资源下发信息!BF35) | AO35: =IF(资源下发信息!BY35="","",资源下发信息!BY35) | AP35: =IF(资源下发信息!BZ35="","",资源下发信息!BZ35) | AQ35: =IF(资源下发信息!CA35="","",资源下发信息!CA35) | AR35: =IF(资源下发信息!CB35="","",资源下发信息!CB35) | AS35: =IF(资源下发信息!DB35="","",资源下发信息!DB35) | AT35: =IF(资源下发信息!DC35="","",资源下发信息!DC35) | AU35: =IF(资源下发信息!DD35="","",资源下发信息!DD35) | AY35: =IF(资源下发信息!BV35="","",资源下发信息!BV35) | AZ35: =IF(资源下发信息!BW35="","",资源下发信息!BW35) | BA35: =IF(资源下发信息!CC35="","",资源下发信息!CC35) | BB35: =IF(资源下发信息!CD35="","",资源下发信息!CD35) | BC35: =IF(资源下发信息!CE35="","",资源下发信息!CE35) | BD35: =IF(资源下发信息!CF35="","",资源下发信息!CF35) | BE35: =IF(资源下发信息!CG35="","",资源下发信息!CG35) | BF35: =IF(资源下发信息!CH35="","",资源下发信息!CH35) | BG35: =IF(资源下发信息!CI35="","",资源下发信息!CI35) | BH35: =IF(资源下发信息!CJ35="","",资源下发信息!CJ35) | ... BN35: =IF(资源下发信息!CP35="","",资源下发信息!CP35)
A36: =IF(资源下发信息!AL36="","",资源下发信息!AL36) | B36: =IF(资源下发信息!AM36="","",资源下发信息!AM36) | E36: =IF(资源下发信息!CQ36="","",资源下发信息!CQ36) | F36: =IF(资源下发信息!CR36="","",资源下发信息!CR36) | G36: =IF(资源下发信息!CS36="","",资源下发信息!CS36) | H36: =IF(资源下发信息!BB36="","",资源下发信息!BB36) | J36: =IF(资源下发信息!BC36="","",资源下发信息!BC36) | O36: =IF(资源下发信息!AU36="","",资源下发信息!AU36) | P36: =IF(资源下发信息!AV36="","",资源下发信息!AV36) | R36: =IF(资源下发信息!AW36="","",资源下发信息!AW36) | S36: =IF(资源下发信息!AX36="","",资源下发信息!AX36) | T36: =IF(资源下发信息!AY36="","",资源下发信息!AY36) | U36: =IF(资源下发信息!AZ36="","",资源下发信息!AZ36) | V36: =IF(资源下发信息!BA36="","",资源下发信息!BA36) | W36: =IF(资源下发信息!CV36="","",资源下发信息!CV36) | X36: =IF(资源下发信息!CW36="","",资源下发信息!CW36) | Y36: =IF(资源下发信息!CX36="","",资源下发信息!CX36) | Z36: =IF(资源下发信息!BL36="","",资源下发信息!BL36) | AA36: =IF(资源下发信息!BM36="","",资源下发信息!BM36) | AB36: =IF(资源下发信息!BU36="","",资源下发信息!BU36) | AK36: =IF(资源下发信息!BE36="","",资源下发信息!BE36) | AL36: =IF(资源下发信息!CY36="","",资源下发信息!CY36) | AM36: =IF(资源下发信息!CZ36="","",资源下发信息!CZ36) | AN36: =IF(资源下发信息!BF36="","",资源下发信息!BF36) | AO36: =IF(资源下发信息!BY36="","",资源下发信息!BY36) | AP36: =IF(资源下发信息!BZ36="","",资源下发信息!BZ36) | AQ36: =IF(资源下发信息!CA36="","",资源下发信息!CA36) | AR36: =IF(资源下发信息!CB36="","",资源下发信息!CB36) | AS36: =IF(资源下发信息!DB36="","",资源下发信息!DB36) | AT36: =IF(资源下发信息!DC36="","",资源下发信息!DC36) | AU36: =IF(资源下发信息!DD36="","",资源下发信息!DD36) | AY36: =IF(资源下发信息!BV36="","",资源下发信息!BV36) | AZ36: =IF(资源下发信息!BW36="","",资源下发信息!BW36) | BA36: =IF(资源下发信息!CC36="","",资源下发信息!CC36) | BB36: =IF(资源下发信息!CD36="","",资源下发信息!CD36) | BC36: =IF(资源下发信息!CE36="","",资源下发信息!CE36) | BD36: =IF(资源下发信息!CF36="","",资源下发信息!CF36) | BE36: =IF(资源下发信息!CG36="","",资源下发信息!CG36) | BF36: =IF(资源下发信息!CH36="","",资源下发信息!CH36) | BG36: =IF(资源下发信息!CI36="","",资源下发信息!CI36) | BH36: =IF(资源下发信息!CJ36="","",资源下发信息!CJ36) | ... BN36: =IF(资源下发信息!CP36="","",资源下发信息!CP36)
A37: =IF(资源下发信息!AL37="","",资源下发信息!AL37) | B37: =IF(资源下发信息!AM37="","",资源下发信息!AM37) | E37: =IF(资源下发信息!CQ37="","",资源下发信息!CQ37) | F37: =IF(资源下发信息!CR37="","",资源下发信息!CR37) | G37: =IF(资源下发信息!CS37="","",资源下发信息!CS37) | H37: =IF(资源下发信息!BB37="","",资源下发信息!BB37) | J37: =IF(资源下发信息!BC37="","",资源下发信息!BC37) | O37: =IF(资源下发信息!AU37="","",资源下发信息!AU37) | P37: =IF(资源下发信息!AV37="","",资源下发信息!AV37) | R37: =IF(资源下发信息!AW37="","",资源下发信息!AW37) | S37: =IF(资源下发信息!AX37="","",资源下发信息!AX37) | T37: =IF(资源下发信息!AY37="","",资源下发信息!AY37) | U37: =IF(资源下发信息!AZ37="","",资源下发信息!AZ37) | V37: =IF(资源下发信息!BA37="","",资源下发信息!BA37) | W37: =IF(资源下发信息!CV37="","",资源下发信息!CV37) | X37: =IF(资源下发信息!CW37="","",资源下发信息!CW37) | Y37: =IF(资源下发信息!CX37="","",资源下发信息!CX37) | Z37: =IF(资源下发信息!BL37="","",资源下发信息!BL37) | AA37: =IF(资源下发信息!BM37="","",资源下发信息!BM37) | AB37: =IF(资源下发信息!BU37="","",资源下发信息!BU37) | AK37: =IF(资源下发信息!BE37="","",资源下发信息!BE37) | AL37: =IF(资源下发信息!CY37="","",资源下发信息!CY37) | AM37: =IF(资源下发信息!CZ37="","",资源下发信息!CZ37) | AN37: =IF(资源下发信息!BF37="","",资源下发信息!BF37) | AO37: =IF(资源下发信息!BY37="","",资源下发信息!BY37) | AP37: =IF(资源下发信息!BZ37="","",资源下发信息!BZ37) | AQ37: =IF(资源下发信息!CA37="","",资源下发信息!CA37) | AR37: =IF(资源下发信息!CB37="","",资源下发信息!CB37) | AS37: =IF(资源下发信息!DB37="","",资源下发信息!DB37) | AT37: =IF(资源下发信息!DC37="","",资源下发信息!DC37) | AU37: =IF(资源下发信息!DD37="","",资源下发信息!DD37) | AY37: =IF(资源下发信息!BV37="","",资源下发信息!BV37) | AZ37: =IF(资源下发信息!BW37="","",资源下发信息!BW37) | BA37: =IF(资源下发信息!CC37="","",资源下发信息!CC37) | BB37: =IF(资源下发信息!CD37="","",资源下发信息!CD37) | BC37: =IF(资源下发信息!CE37="","",资源下发信息!CE37) | BD37: =IF(资源下发信息!CF37="","",资源下发信息!CF37) | BE37: =IF(资源下发信息!CG37="","",资源下发信息!CG37) | BF37: =IF(资源下发信息!CH37="","",资源下发信息!CH37) | BG37: =IF(资源下发信息!CI37="","",资源下发信息!CI37) | BH37: =IF(资源下发信息!CJ37="","",资源下发信息!CJ37) | ... BN37: =IF(资源下发信息!CP37="","",资源下发信息!CP37)
A38: =IF(资源下发信息!AL38="","",资源下发信息!AL38) | B38: =IF(资源下发信息!AM38="","",资源下发信息!AM38) | E38: =IF(资源下发信息!CQ38="","",资源下发信息!CQ38) | F38: =IF(资源下发信息!CR38="","",资源下发信息!CR38) | G38: =IF(资源下发信息!CS38="","",资源下发信息!CS38) | H38: =IF(资源下发信息!BB38="","",资源下发信息!BB38) | J38: =IF(资源下发信息!BC38="","",资源下发信息!BC38) | O38: =IF(资源下发信息!AU38="","",资源下发信息!AU38) | P38: =IF(资源下发信息!AV38="","",资源下发信息!AV38) | R38: =IF(资源下发信息!AW38="","",资源下发信息!AW38) | S38: =IF(资源下发信息!AX38="","",资源下发信息!AX38) | T38: =IF(资源下发信息!AY38="","",资源下发信息!AY38) | U38: =IF(资源下发信息!AZ38="","",资源下发信息!AZ38) | V38: =IF(资源下发信息!BA38="","",资源下发信息!BA38) | W38: =IF(资源下发信息!CV38="","",资源下发信息!CV38) | X38: =IF(资源下发信息!CW38="","",资源下发信息!CW38) | Y38: =IF(资源下发信息!CX38="","",资源下发信息!CX38) | Z38: =IF(资源下发信息!BL38="","",资源下发信息!BL38) | AA38: =IF(资源下发信息!BM38="","",资源下发信息!BM38) | AB38: =IF(资源下发信息!BU38="","",资源下发信息!BU38) | AK38: =IF(资源下发信息!BE38="","",资源下发信息!BE38) | AL38: =IF(资源下发信息!CY38="","",资源下发信息!CY38) | AM38: =IF(资源下发信息!CZ38="","",资源下发信息!CZ38) | AN38: =IF(资源下发信息!BF38="","",资源下发信息!BF38) | AO38: =IF(资源下发信息!BY38="","",资源下发信息!BY38) | AP38: =IF(资源下发信息!BZ38="","",资源下发信息!BZ38) | AQ38: =IF(资源下发信息!CA38="","",资源下发信息!CA38) | AR38: =IF(资源下发信息!CB38="","",资源下发信息!CB38) | AS38: =IF(资源下发信息!DB38="","",资源下发信息!DB38) | AT38: =IF(资源下发信息!DC38="","",资源下发信息!DC38) | AU38: =IF(资源下发信息!DD38="","",资源下发信息!DD38) | AY38: =IF(资源下发信息!BV38="","",资源下发信息!BV38) | AZ38: =IF(资源下发信息!BW38="","",资源下发信息!BW38) | BA38: =IF(资源下发信息!CC38="","",资源下发信息!CC38) | BB38: =IF(资源下发信息!CD38="","",资源下发信息!CD38) | BC38: =IF(资源下发信息!CE38="","",资源下发信息!CE38) | BD38: =IF(资源下发信息!CF38="","",资源下发信息!CF38) | BE38: =IF(资源下发信息!CG38="","",资源下发信息!CG38) | BF38: =IF(资源下发信息!CH38="","",资源下发信息!CH38) | BG38: =IF(资源下发信息!CI38="","",资源下发信息!CI38) | BH38: =IF(资源下发信息!CJ38="","",资源下发信息!CJ38) | ... BN38: =IF(资源下发信息!CP38="","",资源下发信息!CP38)
... A500: =IF(资源下发信息!AL500="","",资源下发信息!AL500) | B500: =IF(资源下发信息!AM500="","",资源下发信息!AM500) | E500: =IF(资源下发信息!CQ500="","",资源下发信息!CQ500) | F500: =IF(资源下发信息!CR500="","",资源下发信息!CR500) | G500: =IF(资源下发信息!CS500="","",资源下发信息!CS500) | H500: =IF(资源下发信息!BB500="","",资源下发信息!BB500) | J500: =IF(资源下发信息!BC500="","",资源下发信息!BC500) | O500: =IF(资源下发信息!AU500="","",资源下发信息!AU500) | P500: =IF(资源下发信息!AV500="","",资源下发信息!AV500) | R500: =IF(资源下发信息!AW500="","",资源下发信息!AW500) | S500: =IF(资源下发信息!AX500="","",资源下发信息!AX500) | T500: =IF(资源下发信息!AY500="","",资源下发信息!AY500) | U500: =IF(资源下发信息!AZ500="","",资源下发信息!AZ500) | V500: =IF(资源下发信息!BA500="","",资源下发信息!BA500) | W500: =IF(资源下发信息!CV500="","",资源下发信息!CV500) | X500: =IF(资源下发信息!CW500="","",资源下发信息!CW500) | Y500: =IF(资源下发信息!CX500="","",资源下发信息!CX500) | Z500: =IF(资源下发信息!BL500="","",资源下发信息!BL500) | AA500: =IF(资源下发信息!BM500="","",资源下发信息!BM500) | AB500: =IF(资源下发信息!BU500="","",资源下发信息!BU500) | AK500: =IF(资源下发信息!BE500="","",资源下发信息!BE500) | AL500: =IF(资源下发信息!CY500="","",资源下发信息!CY500) | AM500: =IF(资源下发信息!CZ500="","",资源下发信息!CZ500) | AN500: =IF(资源下发信息!BF500="","",资源下发信息!BF500) | AO500: =IF(资源下发信息!BY500="","",资源下发信息!BY500) | AP500: =IF(资源下发信息!BZ500="","",资源下发信息!BZ500) | AQ500: =IF(资源下发信息!CA500="","",资源下发信息!CA500) | AR500: =IF(资源下发信息!CB500="","",资源下发信息!CB500) | AS500: =IF(资源下发信息!DB500="","",资源下发信息!DB500) | AT500: =IF(资源下发信息!DC500="","",资源下发信息!DC500) | AU500: =IF(资源下发信息!DD500="","",资源下发信息!DD500) | AY500: =IF(资源下发信息!BV500="","",资源下发信息!BV500) | AZ500: =IF(资源下发信息!BW500="","",资源下发信息!BW500) | BA500: =IF(资源下发信息!CC500="","",资源下发信息!CC500) | BB500: =IF(资源下发信息!CD500="","",资源下发信息!CD500) | BC500: =IF(资源下发信息!CE500="","",资源下发信息!CE500) | BD500: =IF(资源下发信息!CF500="","",资源下发信息!CF500) | BE500: =IF(资源下发信息!CG500="","",资源下发信息!CG500) | BF500: =IF(资源下发信息!CH500="","",资源下发信息!CH500) | BG500: =IF(资源下发信息!CI500="","",资源下发信息!CI500) | BH500: =IF(资源下发信息!CJ500="","",资源下发信息!CJ500) | ... BN500: =IF(资源下发信息!CP500="","",资源下发信息!CP500)

Sheet 资源下发信息
A1: 申请日期 | B1: 申请人 | C1: 申请人部门 | D1: 单位名称 | E1: 归属一级单位 | F1: 归属二级单位 | G1: 项目技术负责人 | H1: 技术负责人联系电话 | I1: 厅局应用负责人 | J1: 厅局负责人联系电话 | K1: 资源使用时间起 | L1: 资源使用时间止 | M1: 紧急程度 | N1: 当前是否封网 | O1: 申请类型 | P1: 系统所属网络区域 | Q1: 是否需要国产化 | R1: 项目性质 | S1: 项目类型 | T1: 项目年份 | U1: 紧急说明 | V1: 申请说明 | W1: 项目规划资源使用量 - vCPU(核) | X1: 项目规划资源使用量 - 内存(GB) | Y1: 项目规划资源使用量 - 硬盘(GB) | Z1: 项目规划资源使用量 - 互联网/政务外网IP | AA1: 项目规划资源使用量 - 其他资源 | AB1: 已申请资源使用量 - vCPU(核) | AC1: 已申请资源使用量 - 内存(GB) | AD1: 已申请资源使用量 - 硬盘(GB) | AE1: 已申请资源使用量 - 互联网/政务外网IP | AF1: 已申请资源使用量 - 其他资源 | AG1: 本次申请总量 - vCPU(核) | AH1: 本次申请总量 - 内存(GB) | AI1: 本次申请总量 - 硬盘(GB) | AJ1: 本次申请总量 - 互联网/政务外网IP | AK1: 本次申请总量 - 其他资源 | AL1: 归属部门 | AM1: 应用系统名称 | AN1: 应用归属单位 | AO1: 项目名称 | AP1: 功能类别 | AQ1: 自定义主机名 | AR1: 虚拟机责任人 | AS1: 联系方式 | AT1: 虚拟机名称 | AU1: CPU核数 | AV1: 内存(GB) | AW1: 数据盘1（GB） | AX1: 数据盘2（GB） | AY1: 数据盘3（GB） | AZ1: 数据盘4（GB） | BA1: 数据盘5（GB） | BB1: 操作系统版本 | BC1: 所属网络区域 | BD1: 是否需要NAS | BE1: NAS名称 | BF1: NAS空间大小(GB) | BG1: 是否商密使用 | BH1: 虚拟机是否需要EIP-IPV4 | BI1: 虚拟机是否需要IPV6 | BJ1: 是否需要ELB（4层负载均衡） | BK1: ELB名称 | BL1: ELB对应端口号 | BM1: 后端服务器对应端口 | BN1: ELB是否需要EIP-IPV4 | BO1: ELB是否需要IPV6 | BP1: 是否访问互联网 | BQ1: 是否被互联网访问 | BR1: 是否访问政务外网 | BS1: 是否被政务外网访问 | BT1: 是否经过WAF（全网开放） | BU1: 政务外网IP服务范围 | BV1: 用途 | BW1: 备注 | BX1: 云账号 | BY1: VDC | BZ1: VPC | CA1: 子网 | CB1: 安全组 | CC1: 子网2 | CD1: 子网3 | CE1: 子网4 | CF1: 子网5 | CG1: IPv4网段 | CH1: IPv4网段2 | CI1: IPv4网段3 | CJ1: IPv4网段4 | CK1: IPv4网段5 | CL1: IPv6网段 | CM1: IPv6网段2 | CN1: IPv6网段3 | CO1: IPv6网段4 | CP1: IPv6网段5 | CQ1: 虚拟机IPv4 | CR1: 虚拟机EIP-IPv4 | CS1: 虚拟机IPv6 | CT1: 用户名 | CU1: 密码 | CV1: ELB-IPv4 | CW1: ELBEIP-IPv4 | CX1: ELB-IPv6 | CY1: 虚拟机NAS名称 | CZ1: 虚拟机NAS路径 | DA1: 分发区域 | DB1: 负载IP | DC1: 商密IP | DD1: 国密网关分配IP | DE1: 端口 | DF1: 备注 | DG1: 密码 | DH1: 项目简称
CR2: - | DH2: =IFERROR(LEFT(AO2,8),"")
DH3: =IFERROR(LEFT(AO3,8),"")
DH4: =IFERROR(LEFT(AO4,8),"")
DH5: =IFERROR(LEFT(AO5,8),"")
DH6: =IFERROR(LEFT(AO6,8),"")
DH7: =IFERROR(LEFT(AO7,8),"")
DH8: =IFERROR(LEFT(AO8,8),"")
DH9: =IFERROR(LEFT(AO9,8),"")
DH10: =IFERROR(LEFT(AO10,8),"")
DH11: =IFERROR(LEFT(AO11,8),"")
DH12: =IFERROR(LEFT(AO12,8),"")
DH13: =IFERROR(LEFT(AO13,8),"")
DH14: =IFERROR(LEFT(AO14,8),"")
... DH48: =IFERROR(LEFT(AO48,8),"")
